Gene_set,Term,Overlap,P-value,Adjusted P-value,Old P-value,Old Adjusted P-value,Odds Ratio,Combined Score,Genes
GO_Biological_Process_2023,Regulation Of Cell Population Proliferation (GO:0042127),3/766,0.0120047629579489,0.0583461412364062,0,0,7.558584534731324,33.42747574162583,STAT2;LMNA;SMARCA4
GO_Biological_Process_2023,Positive Regulation Of Transcription By RNA Polymerase II (GO:0045944),3/938,0.0206658436185794,0.0634733725216365,0,0,6.1129411764705885,23.71376770724243,STAT2;BRD4;SMARCA4
GO_Biological_Process_2023,Regulation Of DNA-templated Transcription (GO:0006355),4/1922,0.029959481930336,0.0682800027594991,0,0,4.18700034758429,14.687617929546784,STAT2;NSD2;BRD4;SMARCA4
GO_Biological_Process_2023,Positive Regulation Of DNA-templated Transcription (GO:0045893),3/1243,0.0428575229009325,0.0761568932124484,0,0,4.535564516129032,14.28645713352108,STAT2;BRD4;SMARCA4
GO_Biological_Process_2023,Regulation Of Transcription By RNA Polymerase II (GO:0006357),3/2028,0.1380371000741984,0.1569395008754234,0,0,2.661037037037037,5.269472793055321,STAT2;BRD4;SMARCA4
