gene,degree,betweenness,eigenvector
BRD4,0.6666666666666666,0.6,0.5573454088203006
SMARCA4,0.6666666666666666,0.6,0.5573454088203006
NSD2,0.3333333333333333,0.0,0.43516151913312323
EIF4G1,0.16666666666666666,0.0,0.21758138867996982
LMNA,0.16666666666666666,0.0,0.21758138867996982
ITGA3,0.16666666666666666,0.0,0.21758138867996982
STAT2,0.16666666666666666,0.0,0.21758138867996982
